frame_index,east_m,north_m,up_m
0,-22.1053,-3.6664,2.7291
2,-20.5923,-3.0464,2.5810
4,-19.0808,-2.4318,2.4333
6,-17.5669,-1.8229,2.2880
8,-16.0487,-1.2379,2.1398
10,-14.5322,-0.6886,1.9775
12,-13.0051,-0.1420,1.8419
14,-11.4992,0.3445,1.6733
16,-9.9890,0.7875,1.4975
18,-8.4736,1.1812,1.3232
20,-6.9689,1.5142,1.1293
22,-5.4694,1.7961,0.9416
25,-3.2301,2.0930,0.6308
27,-1.7347,2.2157,0.4186
29,-0.2535,2.2545,0.1895
31,1.2066,2.2069,-0.0350
33,2.6782,2.1188,-0.2603
35,4.1962,1.9755,-0.4823
37,5.6541,1.7127,-0.7168
39,7.1657,1.4472,-0.9128
41,8.6346,1.0934,-1.1407
43,10.0919,0.6862,-1.3676
45,11.5456,0.2376,-1.5947
47,13.0460,-0.2456,-1.7994
49,14.5071,-0.7798,-2.0269
51,15.9767,-1.3429,-2.2555
53,17.4277,-1.9341,-2.4858
55,18.9136,-2.5432,-2.7076
57,20.3726,-3.1687,-2.9391
