timestamp,latitude,longitude,altitude,roll,pitch,yaw,gps_accuracy
0.0000,28.61377406,77.20877466,266.192,0.0,-35.0,90.0,0.5
0.0333,28.61377688,77.20878108,266.007,0.0,-35.0,90.0,0.5
0.0667,28.61378335,77.20879315,265.586,0.0,-35.0,90.0,0.5
0.1000,28.61377850,77.20879606,265.707,0.0,-35.0,90.0,0.5
0.1333,28.61377815,77.20880490,265.219,0.0,-35.0,90.0,0.5
0.1667,28.61378573,77.20881155,265.397,0.0,-35.0,90.0,0.5
0.2000,28.61379192,77.20882394,265.351,0.0,-35.0,90.0,0.5
0.2333,28.61379750,77.20882644,265.394,0.0,-35.0,90.0,0.5
0.2667,28.61379876,77.20883634,264.963,0.0,-35.0,90.0,0.5
0.3000,28.61379588,77.20884231,265.151,0.0,-35.0,90.0,0.5
0.3333,28.61379814,77.20885068,264.935,0.0,-35.0,90.0,0.5
0.3667,28.61380523,77.20885958,264.988,0.0,-35.0,90.0,0.5
0.4000,28.61380401,77.20886617,265.015,0.0,-35.0,90.0,0.5
0.4333,28.61381272,77.20887041,265.132,0.0,-35.0,90.0,0.5
0.4667,28.61381444,77.20888415,264.656,0.0,-35.0,90.0,0.5
0.5000,28.61381153,77.20889381,265.063,0.0,-35.0,90.0,0.5
0.5333,28.61381983,77.20890101,264.480,0.0,-35.0,90.0,0.5
0.5667,28.61381264,77.20890467,264.468,0.0,-35.0,90.0,0.5
0.6000,28.61381412,77.20891350,264.298,0.0,-35.0,90.0,0.5
0.6333,28.61382167,77.20891638,263.869,0.0,-35.0,90.0,0.5
0.6667,28.61381973,77.20892405,264.488,0.0,-35.0,90.0,0.5
0.7000,28.61382088,77.20893617,263.787,0.0,-35.0,90.0,0.5
0.7333,28.61382831,77.20894677,263.953,0.0,-35.0,90.0,0.5
0.7667,28.61381800,77.20895059,263.866,0.0,-35.0,90.0,0.5
0.8000,28.61382853,77.20895621,264.106,0.0,-35.0,90.0,0.5
0.8333,28.61382231,77.20896370,263.738,0.0,-35.0,90.0,0.5
0.8667,28.61382703,77.20897932,263.412,0.0,-35.0,90.0,0.5
0.9000,28.61382544,77.20897980,262.927,0.0,-35.0,90.0,0.5
0.9333,28.61382381,77.20899045,263.327,0.0,-35.0,90.0,0.5
0.9667,28.61383168,77.20899392,263.558,0.0,-35.0,90.0,0.5
1.0000,28.61382694,77.20900854,262.819,0.0,-35.0,90.0,0.5
1.0333,28.61382544,77.20901219,263.157,0.0,-35.0,90.0,0.5
1.0667,28.61382782,77.20901731,262.343,0.0,-35.0,90.0,0.5
1.1000,28.61382268,77.20902820,262.941,0.0,-35.0,90.0,0.5
1.1333,28.61382578,77.20903109,262.804,0.0,-35.0,90.0,0.5
1.1667,28.61382167,77.20903980,262.627,0.0,-35.0,90.0,0.5
1.2000,28.61381786,77.20905072,262.164,0.0,-35.0,90.0,0.5
1.2333,28.61382389,77.20905696,262.298,0.0,-35.0,90.0,0.5
1.2667,28.61382445,77.20906254,262.562,0.0,-35.0,90.0,0.5
1.3000,28.61382322,77.20907497,262.383,0.0,-35.0,90.0,0.5
1.3333,28.61382194,77.20908260,261.955,0.0,-35.0,90.0,0.5
1.3667,28.61381370,77.20908728,261.600,0.0,-35.0,90.0,0.5
1.4000,28.61381200,77.20909609,261.558,0.0,-35.0,90.0,0.5
1.4333,28.61381134,77.20909981,261.708,0.0,-35.0,90.0,0.5
1.4667,28.61381355,77.20911453,261.521,0.0,-35.0,90.0,0.5
1.5000,28.61381353,77.20912240,261.769,0.0,-35.0,90.0,0.5
1.5333,28.61380114,77.20912950,261.424,0.0,-35.0,90.0,0.5
1.5667,28.61380724,77.20913455,261.335,0.0,-35.0,90.0,0.5
1.6000,28.61380457,77.20913999,260.548,0.0,-35.0,90.0,0.5
1.6333,28.61380084,77.20914628,261.341,0.0,-35.0,90.0,0.5
1.6667,28.61379778,77.20915657,260.660,0.0,-35.0,90.0,0.5
1.7000,28.61379452,77.20916391,260.368,0.0,-35.0,90.0,0.5
1.7333,28.61379430,77.20917125,260.356,0.0,-35.0,90.0,0.5
1.7667,28.61378349,77.20918073,260.521,0.0,-35.0,90.0,0.5
1.8000,28.61378634,77.20918611,261.053,0.0,-35.0,90.0,0.5
1.8333,28.61378498,77.20919470,259.961,0.0,-35.0,90.0,0.5
1.8667,28.61378724,77.20920482,260.625,0.0,-35.0,90.0,0.5
1.9000,28.61377958,77.20921244,260.315,0.0,-35.0,90.0,0.5
1.9333,28.61377841,77.20921686,259.660,0.0,-35.0,90.0,0.5
1.9667,28.61377677,77.20921914,259.928,0.0,-35.0,90.0,0.5
