SourceFile,GPSLatitude,GPSLongitude,GPSAltitude,DateTimeOriginal
IMG_1297_RGB.jpg,41.2256725199861,-81.702534789995,442.6350093,2015:07:31 14:25:05
IMG_1298_RGB.jpg,41.2253035400389,-81.70280417,444.3151261,2015:07:31 14:25:09
IMG_1299_RGB.jpg,41.2249394399917,-81.7030818000028,445.6311031,2015:07:31 14:25:13
IMG_1300_RGB.jpg,41.2245218600139,-81.7033280500028,445.5820611,2015:07:31 14:25:17
IMG_1301_RGB.jpg,41.2240981399889,-81.7035778400111,444.4471154,2015:07:31 14:25:21
IMG_1302_RGB.jpg,41.22482659,-81.7041305000306,440.0840164,2015:07:31 14:25:32
IMG_1303_RGB.jpg,41.2254793000056,-81.7038875799889,439.1967742,2015:07:31 14:25:39
IMG_1304_RGB.jpg,41.2258875799889,-81.70348501,437.6772152,2015:07:31 14:25:43
IMG_1305_RGB.jpg,41.2262008199806,-81.7032655199694,437.9968553,2015:07:31 14:25:47
IMG_1306_RGB.jpg,41.2265941099972,-81.7031867099806,439.1105354,2015:07:31 14:25:51
IMG_1307_RGB.jpg,41.2270228099639,-81.7027384700008,437.5428157,2015:07:31 14:25:56
IMG_1308_RGB.jpg,41.2274346800194,-81.7025993900061,441.3506494,2015:07:31 14:26:00
IMG_1309_RGB.jpg,41.2274767300194,-81.7035196400028,440.4790343,2015:07:31 14:26:13
IMG_1310_RGB.jpg,41.2271104,-81.7037656600083,443.1955261,2015:07:31 14:26:17
IMG_1311_RGB.jpg,41.2267637400028,-81.7040743300306,445.272217,2015:07:31 14:26:21
IMG_1312_RGB.jpg,41.2263644299944,-81.7042682499639,442.9038076,2015:07:31 14:26:26
IMG_1313_RGB.jpg,41.2260527600278,-81.7044623199972,441.1112372,2015:07:31 14:26:29
IMG_1314_RGB.jpg,41.2256940600139,-81.7047105899861,440.8989899,2015:07:31 14:26:33
IMG_1315_RGB.jpg,41.2253836700333,-81.7048843400028,446.1980907,2015:07:31 14:26:37
IMG_1316_RGB.jpg,41.2250426099389,-81.7051585500055,445.2074592,2015:07:31 14:26:42
IMG_1317_RGB.jpg,41.225814,-81.7056736800083,441.0905797,2015:07:31 14:26:57
IMG_1318_RGB.jpg,41.2263441200028,-81.7054194500111,442.4645081,2015:07:31 14:27:01
IMG_1319_RGB.jpg,41.2268716500083,-81.70502551,445.8519856,2015:07:31 14:27:05
IMG_1320_RGB.jpg,41.2273961100056,-81.7047077500139,446.4378981,2015:07:31 14:27:09
IMG_1321_RGB.jpg,41.2279002700611,-81.7044202999972,443.2534483,2015:07:31 14:27:13
IMG_1322_RGB.jpg,41.2283837400472,-81.7041070799889,437.8912037,2015:07:31 14:27:17
IMG_1323_RGB.jpg,41.2282364600778,-81.70515709,439.8575758,2015:07:31 14:27:29
IMG_1324_RGB.jpg,41.22783455,-81.7055525,438.5851735,2015:07:31 14:27:34
IMG_1325_RGB.jpg,41.2274468699472,-81.7056715199944,439.86853,2015:07:31 14:27:38
IMG_1326_RGB.jpg,41.2269971799222,-81.7061243300028,439.2116705,2015:07:31 14:27:43
IMG_1327_RGB.jpg,41.2266013699972,-81.7062908899861,437.9485179,2015:07:31 14:27:47
IMG_1328_RGB.jpg,41.2262179299583,-81.7065001000389,439.8357542,2015:07:31 14:27:51
IMG_1329_RGB.jpg,41.2262537399694,-81.70596615005,437.9712526,2015:07:31 14:28:07
IMG_1330_RGB.jpg,41.2269263199361,-81.7056741699972,442.6761488,2015:07:31 14:28:12
IMG_1331_RGB.jpg,41.2273973799139,-81.7052349599806,441.6620209,2015:07:31 14:28:16
IMG_1332_RGB.jpg,41.2278175600222,-81.7049551200333,440.0595399,2015:07:31 14:28:20
IMG_1333_RGB.jpg,41.2281982300278,-81.7047877000083,438.0294189,2015:07:31 14:28:24
IMG_1334_RGB.jpg,41.2285246999889,-81.70457265,439.1950355,2015:07:31 14:28:28
IMG_1335_RGB.jpg,41.22780886995,-81.7039604099778,436.2756654,2015:07:31 14:28:38
IMG_1336_RGB.jpg,41.2274597500278,-81.7041501600028,441.1738892,2015:07:31 14:28:42
IMG_1337_RGB.jpg,41.227092649925,-81.7043967899667,443.3325527,2015:07:31 14:28:47
IMG_1338_RGB.jpg,41.2267227199944,-81.7045715299972,444.8957529,2015:07:31 14:28:51
IMG_1339_RGB.jpg,41.2263613799944,-81.70478413,443.1574713,2015:07:31 14:28:55
IMG_1340_RGB.jpg,41.2260720600028,-81.7049617199889,441.6248776,2015:07:31 14:28:58
IMG_1341_RGB.jpg,41.2257655900333,-81.7052568799861,441.7890011,2015:07:31 14:29:03
IMG_1342_RGB.jpg,41.22543133,-81.7053735000444,440.0499266,2015:07:31 14:29:07
IMG_1343_RGB.jpg,41.2250821700028,-81.7056170100083,440.3407895,2015:07:31 14:29:11
IMG_1344_RGB.jpg,41.2251529300306,-81.7044770299972,434.4630739,2015:07:31 14:29:23
IMG_1345_RGB.jpg,41.2256074400389,-81.7042689500056,439.0862745,2015:07:31 14:29:27
IMG_1346_RGB.jpg,41.2260589800028,-81.70387925,440.1865828,2015:07:31 14:29:31
IMG_1347_RGB.jpg,41.2267143699917,-81.7036877600028,438.7352025,2015:07:31 14:29:36
IMG_1348_RGB.jpg,41.2272861500528,-81.7031117199972,439.5819071,2015:07:31 14:29:41
IMG_1349_RGB.jpg,41.2278033099556,-81.7028856600194,440.8802488,2015:07:31 14:29:45
IMG_1350_RGB.jpg,41.2270915099944,-81.7021482600164,440.0150754,2015:07:31 14:29:56
IMG_1351_RGB.jpg,41.226708,-81.7025468400039,440.9692383,2015:07:31 14:30:01
IMG_1352_RGB.jpg,41.2263264800222,-81.7026648399903,439.5868545,2015:07:31 14:30:05
IMG_1353_RGB.jpg,41.22602381,-81.7029117699972,443.0760803,2015:07:31 14:30:10
IMG_1354_RGB.jpg,41.2256616600056,-81.70308429,442.8357236,2015:07:31 14:30:14
IMG_1355_RGB.jpg,41.2253514300167,-81.7033128899972,444.5637513,2015:07:31 14:30:18
IMG_1356_RGB.jpg,41.2250290100639,-81.7034499600028,441.8576052,2015:07:31 14:30:24
IMG_1357_RGB.jpg,41.2246545600083,-81.7038175900083,439.5067114,2015:07:31 14:30:30
IMG_1358_RGB.jpg,41.2241975500333,-81.7039000500028,439.5253906,2015:07:31 14:30:35
IMG_1359_RGB.jpg,41.2255902200028,-81.70519615,430.989071,2015:07:31 14:31:21
IMG_1360_RGB.jpg,41.2252121500528,-81.7045544999611,434.2998066,2015:07:31 14:31:25
IMG_1361_RGB.jpg,41.22499963995,-81.70372575,438.053528,2015:07:31 14:31:29
IMG_1362_RGB.jpg,41.2246995100278,-81.7030953099833,436.3023679,2015:07:31 14:31:33
IMG_1363_RGB.jpg,41.225409839925,-81.7026504400019,438.8176871,2015:07:31 14:31:45
IMG_1364_RGB.jpg,41.2255107299167,-81.70314257,438.0925,2015:07:31 14:31:49
IMG_1365_RGB.jpg,41.2257087699944,-81.703531869975,440.7835703,2015:07:31 14:31:53
IMG_1366_RGB.jpg,41.2258578799722,-81.7039457900028,441.9060403,2015:07:31 14:31:58
IMG_1367_RGB.jpg,41.226029,-81.704386390025,438.7637931,2015:07:31 14:32:03
IMG_1368_RGB.jpg,41.2262275399667,-81.7048529499861,444.2499084,2015:07:31 14:32:07
IMG_1369_RGB.jpg,41.22636995,-81.70550109,438.1885965,2015:07:31 14:32:14
IMG_1370_RGB.jpg,41.22654322,-81.7059735099972,439.496368,2015:07:31 14:32:18
IMG_1371_RGB.jpg,41.2267406299333,-81.706387,439.6733394,2015:07:31 14:32:23
IMG_1372_RGB.jpg,41.2270740600222,-81.70501282,434.3326733,2015:07:31 14:32:36
IMG_1373_RGB.jpg,41.2267793299083,-81.7044424899833,438.883728,2015:07:31 14:32:40
IMG_1374_RGB.jpg,41.2265956600778,-81.70364165,441.8416752,2015:07:31 14:32:44
IMG_1375_RGB.jpg,41.2262332299972,-81.70281869,442.9421687,2015:07:31 14:32:49
IMG_1376_RGB.jpg,41.2260250499472,-81.70206202001,441.7432558,2015:07:31 14:32:53
IMG_1377_RGB.jpg,41.2268389799639,-81.7022002399992,442.4083851,2015:07:31 14:33:05
IMG_1378_RGB.jpg,41.2270044600083,-81.7026416999833,443.4391785,2015:07:31 14:33:10
IMG_1379_RGB.jpg,41.2271414000028,-81.7030817800028,443.0773639,2015:07:31 14:33:14
IMG_1380_RGB.jpg,41.2273296899917,-81.7035616299667,440.9781491,2015:07:31 14:33:19
IMG_1381_RGB.jpg,41.22751276,-81.7040312,443.6043689,2015:07:31 14:33:23
IMG_1382_RGB.jpg,41.2276543699944,-81.7045150299944,441.9582505,2015:07:31 14:33:27
IMG_1383_RGB.jpg,41.2278525,-81.7049954299806,442.5740072,2015:07:31 14:33:31
IMG_1384_RGB.jpg,41.2280383199472,-81.7054772000111,443.7520747,2015:07:31 14:33:35
IMG_1385_RGB.jpg,41.2281989899,-81.7060261200056,441.9602054,2015:07:31 14:33:39
IMG_1386_RGB.jpg,41.2284054699944,-81.70547013,438.2101449,2015:07:31 14:33:51
IMG_1387_RGB.jpg,41.2281818100056,-81.70482274,439.388764,2015:07:31 14:33:55
IMG_1388_RGB.jpg,41.2279356700444,-81.7041739000028,439.8927911,2015:07:31 14:33:59
IMG_1389_RGB.jpg,41.2277061599611,-81.7035286699972,441.2440191,2015:07:31 14:34:03
IMG_1390_RGB.jpg,41.22747222,-81.7028787199944,441.2730061,2015:07:31 14:34:07
IMG_1391_RGB.jpg,41.2272432999944,-81.7022129000025,442.6887817,2015:07:31 14:34:11
IMG_1392_RGB.jpg,41.2266731800778,-81.7028061300139,438.860687,2015:07:31 14:34:27
IMG_1393_RGB.jpg,41.2268210800611,-81.7032329300167,442.7099912,2015:07:31 14:34:30
IMG_1394_RGB.jpg,41.22695054,-81.7036832499861,443.8915989,2015:07:31 14:34:35
IMG_1395_RGB.jpg,41.2271550300306,-81.7041385800083,444.4241645,2015:07:31 14:34:39
IMG_1396_RGB.jpg,41.2272980100167,-81.7046330400389,443.436036,2015:07:31 14:34:43
IMG_1397_RGB.jpg,41.22748219005,-81.7051191099944,444.7821012,2015:07:31 14:34:47
IMG_1398_RGB.jpg,41.2276767599917,-81.7055721900278,445.3058511,2015:07:31 14:34:51
IMG_1399_RGB.jpg,41.2278221599306,-81.7061607900167,447.6561605,2015:07:31 14:34:55
IMG_1400_RGB.jpg,41.226933090025,-81.705803229975,442.5201149,2015:07:31 14:35:08
IMG_1401_RGB.jpg,41.2266757599389,-81.7052008499861,439.101626,2015:07:31 14:35:12
IMG_1402_RGB.jpg,41.2264663500083,-81.7044620800056,439.6933594,2015:07:31 14:35:16
IMG_1403_RGB.jpg,41.2261833900222,-81.7038451199972,437.4672852,2015:07:31 14:35:20
IMG_1404_RGB.jpg,41.2259744899861,-81.7031348000194,436.3877863,2015:07:31 14:35:24
IMG_1405_RGB.jpg,41.2257275100083,-81.70251325,436.9111617,2015:07:31 14:35:28
IMG_1406_RGB.jpg,41.2255000599944,-81.701927620005,441.3514986,2015:07:31 14:35:31
IMG_1407_RGB.jpg,41.2250261200056,-81.70281721,440.7828371,2015:07:31 14:35:46
IMG_1408_RGB.jpg,41.2252085,-81.7032544899889,444.3095975,2015:07:31 14:35:51
IMG_1409_RGB.jpg,41.2253713700194,-81.7036840999778,446.2810368,2015:07:31 14:35:55
IMG_1410_RGB.jpg,41.2254985199611,-81.7041189799778,445.1025105,2015:07:31 14:36:00
IMG_1411_RGB.jpg,41.2256819099528,-81.70456109,448.1911357,2015:07:31 14:36:05
IMG_1412_RGB.jpg,41.2257811000361,-81.7050424199861,447.3710021,2015:07:31 14:36:10
IMG_1413_RGB.jpg,41.2259336400028,-81.7054528800278,447.499573,2015:07:31 14:36:15
IMG_1414_RGB.jpg,41.2261391799722,-81.7058688899778,449.8002937,2015:07:31 14:36:20
IMG_1415_RGB.jpg,41.2253402400361,-81.7060654499944,421.8075881,2015:07:31 14:36:34
IMG_1416_RGB.jpg,41.2251051800639,-81.7052219400083,427.355102,2015:07:31 14:36:38
IMG_1417_RGB.jpg,41.2248226099972,-81.7043822,427.8230277,2015:07:31 14:36:42
IMG_1418_RGB.jpg,41.2245042699917,-81.7035671600306,425.646332,2015:07:31 14:36:46
